Date,Number of Flows,Accumulated
2026-09-01,8,8
2026-09-02,8,16
2026-09-03,11,27
2026-09-04,10,37
2026-09-05,10,47
2026-09-06,6,53
2026-09-07,8,61
2026-09-08,8,69
2026-09-09,8,77
2026-09-10,7,84
2026-09-11,15,99
2026-09-12,5,104
2026-09-13,7,111
2026-09-14,9,120
2026-09-15,11,131
2026-09-16,17,148
2026-09-17,10,158
2026-09-18,10,168
2026-09-19,9,177
2026-09-20,6,183
2026-09-21,8,191
2026-09-22,9,200
2026-09-23,8,208
2026-09-24,8,216
2026-09-25,11,227
2026-09-26,9,236
2026-09-27,11,247
2026-09-28,9,256
2026-09-29,12,268
2026-09-30,13,281