Date,Number of Words,Accumulated
2026-08-01,650,650
2026-08-02,614,1264
2026-08-03,95,1359
2026-08-04,2936,4295
2026-08-05,1900,6195
2026-08-06,1112,7307
2026-08-07,2537,9844
2026-08-08,228,10072
2026-08-09,484,10556
2026-08-10,49,10605
2026-08-11,996,11601
2026-08-12,88,11689
2026-08-13,643,12332
2026-08-14,1122,13454
2026-08-15,1792,15246
2026-08-16,1428,16674
2026-08-17,1068,17742
2026-08-18,150,17892
2026-08-19,542,18434
2026-08-20,346,18780
2026-08-21,2381,21161
2026-08-22,805,21966
2026-08-23,903,22869
2026-08-24,996,23865
2026-08-25,508,24373
2026-08-26,569,24942
2026-08-27,95,25037
2026-08-28,3001,28038
2026-08-29,950,28988
2026-08-30,2307,31295
2026-08-31,946,32241